PHONE_NUMBER,FIRST_NAME,LAST_NAME
955-908-9040270,Granville,Renner
699-300-8894822,Mable,Wunsch
598-091-0268444,Arthur,Grimes
441-648-3006820,Adeline,Marks
178-176-7330414,Rufus,Parisian
921-853-5033657,Myles,Hilpert
182-433-6154427,Tyron,Berge
584-671-8000598,Rich,Dickinson
895-553-6190494,Bruna,Kreiger
116-739-6478981,Roberto,Bernier
818-356-8387698,Sandie,Gutkowski
781-586-9263891,Ruby,Bayer
612-509-0815260,Ula,Wisoky
151-261-5169375,Ike,Schuppe
528-006-5978287,Catalina,McCullough
911-536-7168019,Phylicia,Considine
155-001-0011632,Enoch,Bernier
630-693-3308987,Mandy,Padberg
071-046-2865307,Gregory,Donnelly
670-280-4389694,Damion,Shanahan
228-614-3438584,Ike,O'Connell
849-027-3633680,Pasquale,Berge
891-197-9605496,Tobi,Dietrich
157-260-6548591,Willian,Ondricka
847-239-9458281,Caprice,O'Reilly
876-975-0540829,Benny,Mitchell
058-862-7577047,Carter,Monahan
481-370-8952209,Delora,Schultz
886-578-3706373,Kati,Huels
064-870-3369959,Dianne,Schuster
195-311-9213715,Ali,Dare
516-385-5264620,Art,Moore
448-223-6305948,Duane,Kemmer
130-205-0646508,Jacques,Koelpin
813-785-4018013,Regenia,Durgan
095-747-2726102,Palmira,Stehr
516-261-4113190,Frida,Hand
042-537-1566648,Norris,Keebler
091-249-8774619,Carol,Gleichner
814-508-0017301,Oretha,Conn
950-603-1482161,Moshe,Frami
144-728-7724939,Kacie,Reinger
170-115-9208940,Len,O'Reilly
395-907-5781904,Meridith,Wilkinson
108-029-9784087,Devorah,Reynolds
503-907-3618011,Marquerite,Powlowski
333-845-4303896,Yu,Schuppe
648-058-2586453,Ricky,Spinka
561-402-4080201,Gaylord,Hilll
772-456-6416218,Ivan,Mueller
349-292-6660085,Shannon,McDermott
013-676-4990615,Trey,Schneider
824-949-7247641,Shelia,Lowe
774-066-1085525,Tim,Hartmann
174-779-5271659,Meghan,Little
733-457-1168407,Donte,Grimes
183-128-9323084,Lorene,Block
735-807-9678616,Elinore,Littel
265-245-1186095,Marin,Hermiston
746-592-3247189,Lina,Runolfsson
625-324-9958257,Erika,Emmerich
517-020-1689372,Brandon,Schaden
593-400-7705553,Efren,Bayer
034-537-0356492,Idell,Wilkinson
950-777-9186012,Joanne,Sanford
926-937-3790448,Dewitt,Bins
798-239-0917222,Jamel,Haag
141-531-1419210,Blaine,Streich
422-935-4372453,Edmundo,Hills
140-574-2258871,Jaime,McKenzie
732-416-7152635,Alfred,Conn
791-695-7227557,Catherina,McCullough
342-498-7082579,Dee,Murray
576-318-6092053,Maximo,McDermott
787-666-7808799,Elba,Pfannerstill
374-177-5025336,Sallie,Jerde
602-604-8649332,Clay,Willms
136-266-7636994,Kai,Klein
779-437-6448306,Antoine,Vandervort
713-016-0241699,Kendall,Leffler
353-666-0085841,Stephen,Flatley
493-244-7703978,Valencia,Fisher
761-631-8714861,Kendall,Simonis
647-965-4072835,Valentin,Cartwright
050-928-7455208,Lesley,Gislason
827-322-5161606,Zella,Pollich
256-163-2415479,Bonita,Welch
668-312-9616828,David,Will
622-315-1289356,Arnulfo,Wiza
554-511-6497412,Joycelyn,Konopelski
922-707-3773646,Chantelle,Marks
040-072-6129292,Danica,Swift
593-457-7136760,Freeman,Brakus
690-781-8143250,Del,Wunsch
090-685-4484901,Arnulfo,Bartoletti
352-523-7262822,Azucena,MacGyver
274-727-4627502,Clementine,Hayes
936-496-8801292,Dion,Green
611-954-0563905,Linwood,Hoppe
397-122-7622147,Shelton,McDermott
894-033-2352594,Fredric,O'Connell
633-055-0450290,Milan,Price
591-362-0570756,Ebony,Doyle
193-677-3045543,Aurelio,Gaylord
064-141-6397872,Elwanda,Turcotte
465-344-1796180,Thomasina,Botsford
241-688-8416345,Chris,Schultz
607-080-2521275,Bert,Kshlerin
930-026-3038714,Geneva,Hilpert
422-950-8424498,Garnet,Schumm
546-975-3318749,Bryon,Herzog
099-372-9798805,Lisa,Adams
617-530-5207167,Eddie,Aufderhar
075-071-3529933,Autumn,Davis
014-944-3838081,Luci,Powlowski
553-480-8229541,Rob,Braun
381-197-1423317,Latosha,Klein
872-006-1861051,Wallace,Kohler
359-280-6500136,Garfield,Runolfsson
073-216-8180986,Gale,Gusikowski
838-009-3283762,An,Ledner
193-551-9375956,Colin,Wiegand
465-953-3169264,Georgia,Price
065-128-1538351,Julio,Gorczany
666-106-8690456,Arnold,Torphy
291-966-1144329,Thaddeus,Grant
171-886-1734418,Neomi,Wisoky
820-980-3979732,Elisha,Marquardt
051-015-3888314,Emelda,Hudson
544-024-5294375,Xuan,Balistreri
371-289-1637735,Roger,Towne
186-023-0900095,Shaneka,Boyer
269-162-7183614,Jesus,Powlowski
041-153-7361975,Lulu,Fahey
462-047-4151735,Phung,Windler
582-107-3205595,Jude,Champlin
607-737-1933546,Zaida,Dibbert
645-173-5332972,Marquitta,Dicki
914-400-0371443,Roderick,Boyer
720-856-3378806,Tenisha,Pagac
299-577-0399093,Johnathan,Luettgen
195-699-4976896,Shella,Beahan
376-077-4327387,Louis,Davis
769-223-8347890,Tomoko,Runolfsson
291-683-4990275,Norris,Trantow
430-748-1244915,Bettyann,Hodkiewicz
211-771-2733215,Natalia,Nitzsche
872-335-2068744,Alisia,Barrows
536-787-0336518,Thi,Quigley
827-222-8720879,Jewel,Robel
872-209-5380921,Jarvis,Mills
787-195-1260505,Victor,Mohr
655-582-6985519,Ilana,Hyatt
285-396-1742882,Aldo,Blanda
771-662-1156614,Dale,Lindgren
856-837-7188932,Nubia,Wiza
681-180-8003826,Gerardo,Schneider
815-407-5273721,Brandee,Kulas
313-156-4558043,Amparo,Mosciski
710-695-5978220,Jesica,Labadie
170-058-6009969,Jarred,Schroeder
843-841-2893440,Klara,Mante
026-766-5104220,Allen,Cronin
831-065-5893313,Annabelle,Homenick
494-042-9595987,Roscoe,Walker
254-823-6051595,Gerard,Hamill
374-174-2699629,Mack,Maggio
677-769-4624222,Santiago,Sipes
420-321-7192595,Salvatore,Oberbrunner
677-973-6558653,Mckinley,Howell
106-289-2202230,Claris,Koelpin
446-695-2405414,Shannon,Witting
119-046-1956849,Ezra,Gleichner
684-275-7506383,Jacques,Hettinger
900-887-5675542,Sal,Considine
928-615-0587602,Ronnie,Graham
043-087-4746739,Joette,Russel
182-517-5042738,Josef,Mayer
172-940-6113483,Lorie,Pollich
035-139-2198529,Shelton,Effertz
015-792-1919858,Oliver,Shanahan
814-115-2775635,Grant,Mueller
565-947-5467241,Johana,Schiller
828-741-9972759,Dannie,Little
742-365-1968386,Shirleen,Jaskolski
600-036-4951450,Tori,Bode
207-854-8069729,Angel,Bartell
738-531-1174238,Evelynn,Kertzmann
331-852-2559719,Jerilyn,Cummerata
620-893-7971014,Jed,Kovacek
971-248-9476046,Jonna,Kuhic
514-231-7471459,Isela,Flatley
598-214-2953605,Merilyn,Murazik
185-664-1055831,Jong,Block
529-157-7268043,Chrissy,Lowe
866-408-3674950,Clifton,Torp
069-459-3758360,Royce,Schulist
107-562-0476075,Gaynell,Jerde
850-944-0828186,Kenneth,Mitchell
764-334-7257717,Renay,Nolan
760-304-2456097,Suzy,Hamill
370-445-5864434,Marleen,Herman
181-902-7971704,Isabel,Carroll
571-762-4566371,Aleisha,Turcotte
777-119-8959266,Florencio,Sawayn
509-819-5139375,Lawerence,Renner
960-611-0186350,Veta,Russel
759-832-6225577,Andera,Kiehn
824-886-9101663,Larae,Murazik
592-189-0641106,Sabina,Parisian
131-270-6859388,Angel,McCullough
587-148-9582980,Christoper,Waelchi
147-803-3331093,Flora,Durgan
893-368-5689556,Shanna,Sporer
797-084-2580887,Amado,Durgan
255-816-5861264,Dora,Koepp
444-109-4511580,Pamela,Bahringer
420-519-1749209,Ronny,Koss
962-399-4055546,Clemente,Crona
562-243-8216952,Laree,Koepp
750-504-6746109,Deeanna,Weimann
516-303-4396303,Analisa,Hammes
868-161-9442442,Fernando,Zboncak
452-593-3055080,Chrissy,Lehner
397-603-2689325,Nakita,Hyatt
739-083-2662426,Donny,Feest
848-819-7022732,Floy,Brown
838-320-3379214,Loyd,Kuhic
178-213-2646672,Tennille,Carter
237-785-4571981,Matilda,Kling
203-508-4033460,Alfreda,Kassulke
657-255-7265917,Monty,Aufderhar
195-505-7290804,Maricela,Larkin
723-307-5864488,Blake,Hamill
963-970-8552771,Carter,Stokes
674-398-2066976,Suzann,McCullough
075-688-9312856,Everette,Goldner
548-553-2603204,Valentine,Krajcik
761-365-4366147,Sherika,Ward
181-850-7500736,Golden,Cummings
107-319-8449693,Keli,Ortiz
604-306-1622059,Ginette,Schroeder
867-328-2476355,Roberto,Fay
118-337-8547928,Wilma,Kozey
644-713-8994808,Rina,Roberts
223-740-9531665,Virgil,Carroll
778-887-9115476,Chantell,Kozey
575-487-7843511,Mauro,Crona
039-898-0775782,Danilo,Braun
591-455-4449549,Clara,Hickle
144-597-4179082,Neil,Effertz
510-436-0867690,Herschel,Auer
630-939-2445614,Onie,Kihn
937-864-3059498,Lester,Leannon
143-313-1125218,Dakota,Mertz
309-249-5094888,Emeline,Paucek
831-040-6048207,Lanora,Gusikowski
439-382-7284737,Ollie,Jaskolski
441-034-7979534,Hai,Weimann
078-182-6178814,Noelia,Paucek
123-466-0833894,Prince,Hettinger
340-085-5540237,Dannie,Beier
577-251-4761635,Leila,Conn
667-961-9108159,Dewitt,Schamberger
400-880-7642237,Stefania,Hickle
309-889-8452678,Benton,Schmitt
227-630-2976723,Johnie,Rohan
823-075-6362179,Zelma,Satterfield
973-954-8481444,Ronny,Hegmann
050-407-9448446,Armida,Braun
867-896-2865201,Darwin,Schimmel
199-765-9848153,Larhonda,Parker
722-454-6085709,Irvin,Turcotte
010-196-2686151,Domenica,Shields
152-244-9790137,Lonnie,Kerluke
069-822-7304596,Ronald,Konopelski
250-522-3265169,Louie,Fadel
084-739-0128559,Berna,Nitzsche
887-331-3873123,Neal,Lesch
695-485-8315832,Matt,Hane
020-697-8896593,Renna,Buckridge
399-895-7414041,Clarisa,Collier
130-539-1485435,Moshe,Boyle
764-795-3262430,Sixta,Kovacek
342-976-4633093,Angel,Herman
660-494-1851989,Miquel,Haley
045-544-5342436,Reynalda,Dooley
828-190-8679105,Loree,Ratke
479-244-1159873,Maisha,Dickinson
828-181-8061728,Edmund,Lind
951-479-9990210,Kiersten,Rippin
939-229-7456831,Jamal,Dibbert
911-807-8569522,Jamar,Ward
741-428-0764100,Abigail,Dietrich
625-092-8745332,King,Fisher
687-272-6806566,Tom,Barrows
948-685-6400372,Elma,Kshlerin
900-687-3513225,Twana,Legros
747-450-0862084,Sixta,Miller
299-424-3321736,Guadalupe,Haag
213-206-9988469,Shera,Cartwright
141-841-2269663,Lonna,Friesen
524-758-5715257,Gilbert,Kris
017-424-1783511,Kevin,Orn
154-967-3425353,Efren,Bradtke
230-557-5403503,Frankie,Runte
247-592-6136953,Jules,Legros
316-744-9673621,Evelyne,Farrell
920-031-5099913,Lorina,Auer
094-049-6781598,Nettie,Wunsch
474-313-3724624,Kip,Morar
657-751-1884815,Maxie,Corwin
643-425-5084563,Chloe,Denesik
673-928-1120014,Idella,Feeney
582-186-3927851,Lizzette,Cassin
282-945-1020948,Neoma,King
743-957-6095006,Shanel,Auer
531-715-8439419,Joannie,Swaniawski
010-195-8724704,Eden,Kirlin
857-367-5843418,Harvey,Russel
287-028-4641226,Reinaldo,Kling
836-959-8694079,Dusty,Jacobs
858-268-6386518,Zandra,Labadie
283-236-2200378,Numbers,Krajcik
161-213-8909174,Leon,Schoen
260-963-9144624,Sean,Sauer
094-467-6379412,Noelia,Kessler
489-653-4392411,Wilmer,Weissnat
078-605-6749863,Albert,Olson
458-616-8853466,Phyliss,Kunze
705-721-4959002,Garland,Harvey
378-500-0311680,Carrol,Steuber
571-550-7046725,Erin,Ryan
867-962-5399246,Francisco,Mosciski
298-499-7314589,Kayla,Kovacek
667-877-4407861,Hershel,Lindgren
675-912-6347930,Cherly,Dare
686-599-9789409,Liz,Fisher
295-379-0269047,Sergio,Fadel
943-103-9270719,Bernie,Durgan
824-456-5422178,Carolyn,Kilback
690-686-2897463,Clair,Schuppe
347-760-8119115,Alfreda,Abernathy
481-831-8137151,Miquel,Howe
581-301-8196324,Morgan,Emard
272-435-6361572,Dorcas,Oberbrunner
896-537-8924708,Roderick,Hamill
856-197-7399743,Alona,Fritsch
397-898-1003127,Samara,Ortiz
043-026-3495666,Zachary,Harber
524-582-2020775,Keenan,Crooks
202-495-8618367,Marcos,Price
881-663-1990792,Taylor,Rogahn
105-954-4379820,Roosevelt,Shields
303-385-0360049,Kallie,Halvorson
549-215-1499171,Giuseppe,Mayer
936-435-4430165,Lewis,Hegmann
485-001-4609533,Sidney,Lehner
596-833-4677666,Otelia,Blanda
311-396-8662562,Fred,Wintheiser
637-789-1083179,Selina,Toy
244-105-2942543,Malcom,Lang
978-146-9663634,Orville,DuBuque
164-323-2132898,Korey,Deckow
822-778-3779269,Gonzalo,Quitzon
387-130-7370884,Evonne,Fahey
892-168-7325688,Shasta,Goyette
209-191-2868571,Celinda,Botsford
273-704-5312403,Jesus,Crooks
077-325-2321993,Chia,Gleason
380-860-4412590,Dewey,Hilpert
384-132-8361201,Hilaria,Adams
431-634-1288116,Jamel,Green
170-493-7021323,Jimmie,Yost
322-377-8635125,Darrel,Hermann
705-855-3184797,Katherine,Orn
121-526-6265582,Theodore,Altenwerth
179-195-3645267,Alberta,Orn
828-414-1685895,Shenna,Willms
127-248-4261339,Tristan,Blick
043-216-8349457,Erik,West
756-701-3862190,Noe,Crona
862-058-6581053,Gordon,Bruen
025-690-0622099,Errol,O'Reilly
751-089-2790287,Tom,Pouros
928-639-5581068,Jaleesa,Marvin
538-884-2730081,Hollis,Osinski
550-003-4571433,Nichole,Carroll
065-116-4819114,Walker,Wilkinson
232-400-2646110,Harlan,Lubowitz
043-823-1933707,Megan,Von
172-328-3841426,Sidney,Volkman
695-321-2571771,Tawanna,Abbott
735-623-2471503,Shelton,O'Conner
761-775-3030309,Ila,Altenwerth
448-209-4224605,Renita,Aufderhar
912-481-2619073,Tiny,Schneider
827-622-9158840,Jannet,Mayer
534-276-8031492,Donald,Abshire
578-613-3531932,Elisha,Barton
437-412-7771413,Corliss,Zboncak
016-618-8324830,Simon,Ullrich
398-363-8983999,Hazel,Berge
617-400-6842859,Jeremiah,Murphy
683-355-8959245,Jarod,Bailey
252-479-3647027,Gracie,Heaney
596-017-2184360,Clementine,Gutkowski
712-939-9080832,Katelin,Altenwerth
100-333-9311071,Inger,Hermiston
728-761-5724922,Diana,Huels
609-564-7884885,Jovan,Blanda
700-256-7559833,Ricky,O'Connell
367-185-3192504,Phung,Leannon
373-648-5832040,Armand,Kihn
392-864-1059605,Damon,Koss
486-158-4666953,Latashia,Roberts
898-749-2457421,Jude,Moen
221-566-9896519,Lashandra,Mante
851-374-1866198,Margot,Stark
420-189-7218977,Deborah,White
209-469-5364195,Ralph,Reynolds
644-616-1005102,Berenice,Schulist
122-249-2121258,Gale,Hagenes
328-720-8900232,Deloise,Cormier
093-482-4724556,Adrienne,Schuster
587-155-7148983,Waltraud,Schmeler
912-308-1892935,Rayna,Farrell
147-524-1495836,Jon,Dibbert
561-704-8369510,Timmy,Fadel
516-912-4454513,Cristopher,Boehm
449-980-8531962,Joella,Runolfsson
275-356-2063430,Terri,Hilll
584-522-3675538,Randall,Rosenbaum
525-325-3881612,Kate,Leffler
846-720-9632691,Brice,Jenkins
356-398-5989604,Maurice,Herzog
356-242-3695458,Ernestina,Reilly
924-732-2160316,Bobbie,Dach
361-306-3011223,Ike,Koepp
231-886-0789758,Elmo,Stehr
416-112-4599466,Jenniffer,Mertz
265-382-7546758,Elmer,Graham
290-923-6621011,Renea,Hauck
919-283-9784441,Lakesha,Toy
399-332-8341133,Chi,Rogahn
620-106-3081940,Anamaria,Durgan
108-573-7504726,Tory,Kub
117-892-6120411,Chantay,Smith
956-098-5153312,Masako,Crist
428-234-8426066,Brock,Mertz
635-970-6207814,Deshawn,Koss
125-864-1340139,Marie,Wilkinson
057-525-4137492,Maira,Fay
590-930-8542467,Elly,VonRueden
882-013-4371265,Eldridge,Terry
422-266-5294762,Marcos,Labadie
880-355-3274295,Keitha,Goldner
529-113-0462323,Beau,Boyer
271-395-4079434,Rodrick,Hackett
228-429-2575158,Melvin,Greenholt
415-478-4435800,Gilma,Nolan
796-130-6011543,Carrol,Greenfelder
925-619-8015365,Adolfo,Quigley
680-365-6952008,Keven,Kuhn
840-606-3036685,Ezra,Luettgen
456-623-6898940,Wilber,Wolff
273-722-3346541,Orval,Breitenberg
832-691-7790724,Pasquale,Barrows
527-355-4839885,Cedric,Braun
027-571-5177959,Azzie,Gaylord
839-936-0719148,Karyl,Torp
643-666-9997775,Deborah,Hand
142-929-4542806,Lenna,Nikolaus
567-588-6037311,Elisabeth,Rempel
463-158-9441502,Amos,Raynor
285-489-4090381,Mui,Nienow
120-643-6150090,Edison,Schaden
279-309-4113840,Wanita,Jaskolski
433-468-8327093,Lindy,Gorczany
734-217-2092211,Melony,Marks
530-773-2297727,Lemuel,Keeling
163-921-0110075,Tristan,Crona
288-468-5223782,Dale,Schumm
562-188-9288014,Justin,Walsh
381-746-1998984,Nelida,Ortiz
277-119-3948490,Ken,Reynolds
205-250-2673968,Alena,Macejkovic
493-568-3980638,Nanette,Kohler
058-158-9812198,Camellia,Kuhn
850-258-0264186,Alexis,Towne
621-617-0305182,Andreas,Lemke
270-809-7555521,Holly,Littel
080-500-0583546,Lawrence,Shields
595-400-8221561,Nikki,Luettgen
800-881-2505653,Refugio,Kuhlman
445-622-8022057,Junie,Feest
584-617-3010922,Noe,Huel
224-938-5544462,Elva,Nitzsche
044-832-4674931,German,Gislason
155-938-9977573,Lucy,Bayer
530-190-9190609,Georgene,Moen
927-414-7286857,Refugio,Spinka
319-856-4272274,Irving,Gaylord
773-017-4075982,Joie,Zieme
800-147-8426765,Kacie,Raynor
349-099-2598542,Manuel,Mills
605-312-5328985,Karole,Schowalter
888-030-6928613,Fausto,Gusikowski
233-403-7589966,Minda,Medhurst
603-963-7349180,Richard,Welch
583-899-9884697,Jennie,Fisher
008-208-6391504,Buster,Ullrich
977-629-1085099,Gary,Jaskolski
835-563-8459399,Hunter,Stehr
168-301-1348772,Rachele,Stiedemann
401-478-0461047,Somer,Waelchi
261-553-4452675,Neda,Zulauf
457-750-2706028,Edmundo,Baumbach
016-355-1603193,Kenyetta,Rippin
202-424-3752635,Porfirio,Harris
499-583-3365369,Garth,Bergstrom
408-041-1479846,Tamisha,Lindgren
770-852-4577419,Tobias,Grimes
780-191-3364230,Gregorio,Hackett
040-776-8008058,Nida,Crooks
715-009-5063862,Charity,Schmitt
412-441-8384685,Coy,Zboncak
488-289-6918690,Kate,Green
129-312-0337006,Norbert,Schoen
074-117-1632013,Sage,Haag
256-869-2093798,Tanner,Braun
128-882-2820206,Shayne,Spencer
309-327-7682665,Justin,Terry
387-147-4806002,Richard,Doyle
586-266-8804353,Rozella,Goodwin
007-894-8187844,Luke,Paucek
943-620-1137903,Jutta,Kuhlman
691-802-4189013,Lorenza,Bruen
088-204-0160016,Gwendolyn,Wisoky
630-165-8902352,Elena,O'Conner
446-726-9805358,Arthur,Stark
623-393-1674795,Magen,Nienow
045-432-2814787,Ettie,Feeney
895-134-3947025,Jeff,Hartmann
676-506-3990588,Yvonne,Quitzon
001-631-7507390,Margie,Prohaska
459-742-1131915,Denice,Goyette
466-350-8523848,Cornelius,Pagac
227-433-5818055,Emanuel,Welch
860-328-9399205,Eli,Vandervort
411-577-8692624,Lashawnda,Jast
272-539-9446352,Lonnie,Smith
736-827-9542635,Elmer,Rohan
530-114-8378772,Jarvis,Paucek
143-125-2673333,Graham,Gleason
092-141-9085850,Paola,Lynch
871-544-7187586,Gonzalo,King
698-803-6653401,Brandy,Kreiger
727-741-6981386,Sherrie,Oberbrunner
469-790-2321858,Diane,Goyette
720-182-9668568,Vincent,Tillman
243-474-2647724,Casey,Heaney
662-916-1962905,Odette,Shields
950-392-9215746,Magda,Fadel
315-375-0552627,Ellen,Schiller
477-631-1688985,Sergio,Smitham
551-282-0646064,Daina,Klocko
724-875-6557577,Chris,Ortiz
205-055-3951001,Donnette,Rosenbaum
815-549-7345696,Marty,Walsh
123-456-7890123,Casey,Parker
969-452-3689174,Rubin,O'Keefe
381-029-2085007,Ismael,Smith
136-517-3016623,Verlene,D'Amore
596-485-3224332,Chauncey,Schaden
523-149-4655112,Brenda,Armstrong
088-126-0256521,Era,Kutch
733-904-3667622,Arturo,Koelpin
021-325-3753998,Dee,Jenkins
170-018-8342788,Kim,Rau
870-094-6495690,Gaylord,Rath
683-242-8651156,Garry,Lindgren
912-219-3430866,Javier,Nolan
142-248-1872308,Claude,Abshire
564-763-0437322,Stevie,Sipes
976-703-2524002,Shaun,Heaney
587-480-0933570,Maurita,Bruen
302-710-1324373,Jerald,Satterfield
578-058-7494831,Maryann,Conroy
765-874-9862372,Denny,Boyle
544-705-4526927,Dick,McKenzie
454-565-9701312,Catherine,Schaden
772-534-8312578,Dan,Rogahn
683-262-6494285,Ed,Wilderman
944-475-3580932,Alonzo,Schuppe
021-713-8628434,Numbers,Boyer
416-209-2473986,Melodie,Legros
031-847-2504342,Dustin,Rodriguez
541-901-7502869,Toni,Erdman
934-034-5819604,Klara,MacGyver
586-210-4399578,Sharmaine,Howe
423-352-3947315,Roy,Jacobi
179-102-4286043,Hertha,Ondricka
557-878-3089863,Arthur,Pagac
627-644-0096243,Tasia,Kuphal
234-201-2944108,Evangeline,Moore
217-142-9474449,Chadwick,Wiza
226-203-0953677,Ray,Hamill
870-039-0772205,Millard,Hammes
725-111-7974389,Loyd,Cummerata
068-823-4866781,Tamisha,Dietrich
503-439-4713493,Jeanice,Anderson
816-321-8274838,Sandy,Doyle
895-173-2897471,Cesar,Cummerata
939-327-1937281,Giselle,Wilderman
799-466-3853549,Delmar,Bashirian
357-430-2677101,Dennis,Gleichner
481-611-1255138,Danna,Dooley
649-599-0418463,Guillermo,Moen
329-314-4474838,Vernell,Fahey
359-083-4926638,Simona,Hammes
815-174-0222500,Thelma,Hirthe
169-456-3186560,Harriette,Goodwin
271-291-9002702,Logan,Kris
561-211-8957639,Britt,D'Amore
947-204-2693058,Shalonda,Conn
688-977-6308479,Ray,Hintz
035-189-5996370,Tristan,Turcotte
449-270-3985524,Dionna,Torphy
930-834-5100999,Jed,Ortiz
705-688-1902734,Georgiann,Ebert
178-649-3962817,Landon,Lubowitz
262-108-0544308,Cleveland,Jacobi
050-327-4252193,Joey,Herzog
353-717-0001742,Anthony,Schaefer
787-976-9750453,Maxwell,Pfannerstill
523-141-5599904,Irving,Lowe
110-574-7113440,Rudolf,Hamill
749-607-4449066,Chung,Rohan
507-132-8463701,Spencer,Hermann
180-517-3723619,Dione,Hansen
258-007-5743536,Carmella,Gislason
702-839-8226980,Drew,Mertz
639-869-3203733,Georgeann,Bashirian
248-477-5711840,Josiah,Boehm
115-088-8635217,Marybelle,Hirthe
721-233-0618375,Dale,Keebler
550-379-5200344,Shad,Bode
924-119-4818510,Barrett,Jones
129-391-2245266,Raphael,Klocko
122-778-5304208,Sol,Gerlach
337-430-2378926,Alexander,Marks
901-299-8786249,Merlyn,Little
577-142-2078360,Graham,Bednar
294-287-6510883,Michal,VonRueden
308-676-4349838,Antwan,Kuphal
710-574-2640586,Walker,Dietrich
756-808-1512467,Amina,Kuhic
091-016-8330280,Shanti,Schaefer
856-107-5669819,Alphonse,Raynor
270-604-8711546,Leona,Ritchie
630-511-6019340,Son,Moore
550-497-5758219,Lee,Kunze
443-010-5573164,Clemencia,Skiles
133-081-9523885,Jaclyn,Kertzmann
353-248-4726571,Rodolfo,Dickinson
392-484-1258900,Nova,Little
166-309-9857777,Dovie,Green
916-770-6729530,Fredda,Mraz
887-458-5594909,Margart,Powlowski
322-562-7015775,Marin,Boyer
879-299-4933378,Kirstin,Schaden
314-692-7316136,Pablo,Brekke
264-854-8177762,Reyes,Bogan
461-170-8916957,Joaquin,Marks
856-291-1003605,Michele,Kunde
183-228-6069730,Sacha,Ebert
615-761-2030828,Agustin,Gorczany
238-491-4437749,Mattie,McLaughlin
723-699-4894654,Karmen,Hayes
655-748-9287374,Artie,Watsica
410-572-6897066,Jessika,Rosenbaum
842-553-9046000,Loyd,West
211-580-2545055,Yer,Barrows
052-164-3507020,Elke,West
551-508-4943816,Clifford,Roberts
728-778-1765098,Sanford,Bruen
602-627-5281582,Charisse,Douglas
580-220-8655791,Abe,Witting
664-008-4324267,Rubye,Rau
510-796-1408698,Dalton,Toy
689-518-1446317,Samella,Beahan
001-541-3117042,Marvin,Dooley
931-628-5066287,Olen,Turcotte
928-240-0172614,Gary,Kuhn
873-470-7767955,Cythia,Strosin
621-606-5173644,Ruben,Leannon
752-282-1089727,Allie,Homenick
749-965-6346887,Dominique,Hamill
187-063-6845558,Reid,Rolfson
346-924-1073607,Lazaro,Wolf
117-391-4081406,Cecila,Beahan
580-448-5525596,Neal,Williamson
470-793-7611939,Ulysses,Sawayn
719-806-5500656,Felicitas,Nicolas
223-903-6933959,Stacia,Toy
330-672-5297894,Soo,Streich
054-524-0716510,Lurline,Dare
087-915-4142054,Rory,Erdman
843-921-5187847,Lynetta,Abernathy
834-839-1327257,Teresa,Crona
100-173-6276441,Colby,Bahringer
710-068-3358257,Vertie,Roob
398-760-2579395,Neva,DuBuque
959-629-7425385,Paris,Klocko
828-955-8737118,Beverlee,McLaughlin
055-450-8524462,Bo,Wolf
175-290-1479159,Wilburn,Greenholt
132-945-6426363,Philip,Waelchi
613-613-4228714,Darrin,Schoen
886-489-2617670,Blake,Dicki
629-768-3040206,Eleni,Lebsack
859-801-2538463,Alita,Harvey
306-953-5376960,Julia,Ferry
059-732-2321507,Demetrius,Stracke
478-284-2174768,Luciano,Pfeffer
919-745-1297193,Andrew,Bergnaum
039-171-6964923,Jaime,Turner
687-243-1344233,Louella,Schmeler
100-195-9335475,Niki,Maggio
572-452-1223255,Eliseo,Predovic
806-083-5925870,Cierra,Homenick
048-880-5236684,Wilber,Zemlak
894-717-9295596,Chauncey,Jaskolski
254-527-2241884,Bunny,Muller
404-544-6684739,Paris,Kris
295-512-4682086,Armandina,Miller
154-947-6485011,Carol,Will
255-753-1260456,Ciera,Kessler
370-480-0146992,Lazaro,King
697-650-6137663,Delmer,Kuhlman
030-457-6371717,Eliseo,Daugherty
184-700-4812513,Martin,Stoltenberg
718-589-5732621,Isaura,McClure
754-113-5403615,Delmer,Heidenreich
704-932-7467393,Haywood,Kuphal
197-084-5651691,Sanora,Sporer
604-709-5932561,Angelo,Runolfsdottir
942-640-1078597,Carmon,Carter
118-883-7595147,Columbus,Jaskolski
535-370-4954724,Kermit,Kling
006-477-7465542,Virgen,Brown
782-479-9755207,Julius,Jones
967-241-6845417,Steven,Gislason
628-835-3341707,Darryl,Senger
528-948-7349610,Carma,Kiehn
972-830-5576041,Austin,Cummerata
094-238-1086995,Bennett,Bergnaum
943-223-7938846,Stasia,Jacobson
243-820-0398871,Benton,Bernier
878-423-8763047,Trinidad,Bode
238-592-9775069,Tressa,Rodriguez
279-660-4784556,Rayford,Kub
549-880-3116861,Azzie,Balistreri
957-441-9247134,Trenton,Hoeger
610-638-9136117,Laverna,Kerluke
724-099-5808849,Fritz,Anderson
814-377-3703977,Salley,Bogan
952-227-2809049,Quyen,Gaylord
494-677-0835429,Tommy,Mills
463-677-6202240,Murray,Ernser
973-007-7410191,Brianne,Fritsch
479-741-3686809,Ruthann,Cole
858-202-3083603,Kylee,Bode
391-846-0340500,Roy,Stroman
533-705-4805830,Maria,Hahn
393-412-0521677,Adan,Baumbach
613-939-0332940,Alena,Upton
850-331-2578536,Geneva,Langosh
303-477-9287107,Rob,Hudson
177-555-8105885,Marcel,Hilpert
686-453-8237330,Randal,Breitenberg
469-884-5432853,Joaquin,Dicki
339-908-2718712,Jeana,Kuhic
784-907-4724994,Earnest,Feeney
036-705-0390253,Miss,Wehner
188-158-2446882,Frances,Wiza
732-945-0105050,Lucio,Little
782-958-5596671,Justin,Grant
265-275-8067111,Drusilla,Schmitt
254-654-4198088,Wanda,Murazik
928-719-1709826,Fernando,Hilpert
523-299-5093928,Rafael,O'Connell
666-348-9567696,Waldo,Hagenes
760-751-6539631,Kris,Bogisich
733-702-2821475,Miles,Schaden
736-632-8271461,Donny,Wiegand
419-360-3761205,Jacinda,Oberbrunner
523-679-4413205,Ivory,Corkery
391-764-8428035,Dustin,Wiza
573-892-3949603,Rene,Pollich
278-878-3043831,Jame,Bruen
859-574-1863479,Gino,Braun
275-676-6307400,Nathalie,Haag
378-160-3801438,Noe,Gutmann
566-402-7968428,Porsha,Smith
621-850-9850833,Lonny,Ruecker
597-553-0167552,Bernadette,Prosacco
386-600-4873647,Isa,Considine
250-423-4143636,Skye,Watsica
660-156-5406858,Lakendra,Osinski
949-060-6687906,Buck,Goyette
514-023-8667989,Rex,Yost
387-293-1660456,Tony,Olson
034-301-8967966,Williams,Quitzon
527-230-8895970,Rueben,Koch
444-546-0318539,Louis,Ward
532-163-3389732,Numbers,Halvorson
452-117-2341198,Jaqueline,Raynor
589-587-6326379,Geri,Moore
592-940-4843936,Richard,Ziemann
238-653-0435865,Jannet,Lowe
232-251-1506303,Newton,Ziemann
972-787-9838750,Refugia,Brakus
657-745-2650032,Robert,Rippin
028-244-8436896,Raquel,Goyette
506-467-5635278,Candace,Brown
087-032-7522846,Dorian,Emard
816-023-0071593,Alethea,Conn
483-385-0449509,Delcie,Durgan
953-693-7282522,Catharine,Hickle
279-836-3620116,Rocky,Dooley
247-172-8094682,Marquerite,Labadie
293-609-8377248,Carlota,Nienow
445-187-0661484,Drew,Kuvalis
061-554-8791140,Ethan,Heidenreich
354-699-5391815,Wilfred,Walsh
416-471-5521427,Keiko,Kuhlman
888-602-3914390,Ermelinda,Hagenes
960-559-0493306,Guadalupe,Mitchell
969-542-7363191,Danial,Hermann
274-672-0004888,Apryl,Koss
481-526-2297274,Quinn,Fritsch
040-168-5513817,Cristen,Brown
863-519-9175320,Tanisha,Glover
505-129-2118928,Albert,Smitham
478-289-6294557,Delois,Larson
348-467-2154034,Dennis,Volkman
950-276-1594127,Carroll,White
685-095-2918422,Deloris,O'Reilly
390-089-3877087,Michel,Klein
311-024-4599398,Galen,Denesik
388-160-2703725,Kieth,Schaden
161-816-1741421,Cortez,Keebler
613-592-0041761,Lazaro,Streich
166-487-5231694,Aubrey,Ernser
311-296-9789531,Nell,Barrows
794-298-5863728,Felix,Brown
524-469-0207373,Pierre,Johnson
174-629-1519520,Verdell,Predovic
441-448-0495141,Laverne,Leuschke
427-857-1237758,Rae,Jacobi
824-298-5665541,Leeanna,O'Connell
720-576-6393598,Tracy,Maggio
830-003-8036447,Delsie,Beahan
691-869-6323004,Wesley,Harber
532-115-3748705,Pete,Hessel
729-257-4049988,Jay,Wisozk
706-949-1099427,Shanell,Braun
001-452-8079279,Valentine,Glover
527-674-3298469,Jere,Green
829-941-4798686,Rhett,Volkman
151-081-4150275,Mellissa,Hegmann
924-738-2865057,Rashad,O'Reilly
448-934-2626546,Ruben,Rath
915-012-7513971,Ryan,Casper
805-426-9104736,Cornelius,Metz
830-371-3949978,Wade,Pouros
338-257-9870880,Gerardo,Hayes
228-283-0959866,Oma,Wehner
578-940-7715422,Kiera,Morissette
664-768-4801583,Darline,Nitzsche
012-915-9318756,Jesica,VonRueden
557-051-3710760,Debi,Hagenes
733-517-5189621,Douglass,Dare
782-665-5484986,Arnold,Wiza
656-165-3486796,Lucas,Steuber
331-065-3608995,Torrie,Wisozk
002-145-4378824,Kandra,Monahan
095-266-5174968,Johnathon,Fritsch
790-105-2175298,Nona,Berge
742-556-4946052,Cherish,Stehr
347-167-1081522,Andrea,Bogan
466-592-3398302,Glenn,Tromp
800-687-0078862,Nicholas,Smitham
941-663-7318613,Ann,Fahey
887-835-2813829,Darin,Carroll
623-161-5277491,Anissa,Bednar
968-966-1856305,Guy,Nicolas
860-725-7217801,Aurora,Towne
468-062-1941243,Tosha,Halvorson
190-383-6269627,Kermit,Daniel
337-696-4443402,Cordie,Thiel
259-728-8940759,Gilberto,Baumbach
857-930-9316179,Delila,Miller
408-297-4618488,Del,Gottlieb
617-077-4969463,Al,Yundt
213-122-9197928,Arleen,Gleason
393-173-6164438,Romelia,Klocko
893-110-0050753,Misty,Hane
206-123-9076393,Caroyln,Ferry
609-706-9624807,Lavona,Schaden
249-628-8648160,Karlyn,Thiel
350-630-1328253,Matilde,Rippin
031-668-0347577,Berry,Turner
049-190-1085565,Ranee,Green
499-530-6842929,Kesha,Padberg
471-305-4215574,Melvina,Murray
614-605-4201219,Coralee,Jones
072-974-3856975,Jesse,Zemlak
620-527-6483895,Xavier,Strosin
619-677-4939721,Verdell,Turcotte
127-545-5992273,Helene,Schiller
783-895-3502655,Beau,Braun
900-756-3355796,Vernia,Johns
832-827-7318462,Jarvis,Ebert
759-856-3500956,Marth,Paucek
841-952-4556341,Isadora,Kulas
311-716-3494373,Glory,Langosh
393-789-4225974,Earl,Dibbert
259-832-5053192,Shawnta,Olson
206-112-4736066,Edyth,Nienow
531-420-6699849,Roy,Zulauf
114-455-6157731,Colleen,Lemke
118-100-8775629,Barry,Zieme
414-514-7383674,Carrol,Rippin
967-304-3596592,Jefferey,Torp
020-849-9093106,Kyla,Greenfelder
291-789-1450603,Dodie,Kulas
400-546-5384164,Dusty,Hilll
642-539-6045217,Gavin,Trantow
828-402-4190002,Noe,Gottlieb
357-836-8585533,Bruce,Dicki
480-652-9777405,Nicolette,Hirthe
355-856-0579661,Charley,King
215-098-8280022,Coretta,Dicki
446-910-0894653,Napoleon,Hessel
904-920-0186235,Mickey,D'Amore
850-059-3126292,Myrle,Witting
240-274-2998407,Francisco,Kautzer
495-330-4230041,Mervin,Cummerata
234-257-9356666,Chelsey,Kautzer
238-524-1958444,Riley,Murray
521-832-3314885,Deneen,Cronin
385-581-4304034,Alejandrina,Lakin
786-942-6994411,Joseph,Runte
486-426-8923783,Vera,Tromp
757-748-9941697,Loreta,Tremblay
789-091-7087938,Candace,Gaylord
467-532-7332951,Fritz,Koss
442-867-9226516,Evette,Altenwerth
923-133-9910950,Roger,Padberg
387-275-5659289,Modesta,Rowe
098-721-0372213,Angel,Prosacco
054-408-7008130,Jacquie,Haag
374-619-0193323,Desmond,Johnson
685-136-9768142,Tena,Dickinson
604-676-2447631,Yuki,Fahey
839-118-3082860,Milford,Crist
513-790-5773433,Nathan,Langosh
233-108-6596962,Shaquana,Blanda
704-892-4874021,Vaughn,Fritsch
165-190-2286965,Cecile,Schaefer
270-524-2501641,Neomi,Gaylord
195-729-1920076,Marlon,Wolf
444-914-9432364,Deshawn,Lakin
843-069-1230263,Shawn,Lind
004-051-0375659,Raymon,Welch
328-399-3943372,Sudie,Price
282-538-6015213,Danna,Emmerich
406-209-0508175,Floria,Lynch
878-170-2505650,Alexander,Paucek
264-600-5161354,Tiffiny,Koch
259-714-2474501,Jena,Stracke
325-577-1487789,Ramon,Goldner
646-290-6892455,Marcela,Ortiz
141-769-1053745,Chong,White
965-727-8895821,Vernon,Pouros
754-299-3354217,Gretta,Keeling
271-184-6548568,Hayden,Rice
498-391-4177942,Anton,Wisoky
199-528-3813845,Jarod,Morissette
084-846-0607274,Royce,Barton
188-121-9259796,Takisha,Homenick
671-489-5923023,Evelyne,Muller
692-649-1322619,Dodie,Hagenes
024-615-0736040,Connie,Cummings
632-913-7245056,Dominque,Kautzer
969-840-7859749,Denese,Reinger
508-134-0842063,Cameron,Barton
226-014-7268680,Toi,Torphy
028-915-1403407,Linsey,Effertz
518-408-6436399,Josue,Harber
906-024-6362410,Brad,Toy
788-420-7561765,Mikki,Borer
466-181-5926797,Lorinda,Carroll
930-162-7386364,Willard,O'Hara
420-513-3866004,Joesph,Macejkovic
728-506-8368664,Chance,Stracke
495-298-3154111,Hyacinth,Rempel
681-586-6969481,Terra,Kuhlman
132-872-3574063,Shelby,Walsh
788-072-8358221,Edward,Thiel
966-772-9261056,Leone,Gutmann
293-497-8261335,Elisabeth,Kling
457-884-2466397,Emmaline,Wehner
315-198-3988840,Azucena,Romaguera
597-589-4989036,Mohammed,Buckridge
943-643-7569957,Laci,Tillman
869-551-5906695,Kali,Douglas
435-796-1755601,Greg,Harber
245-675-0066892,King,Hegmann
594-527-3633935,Tasha,Schaefer
345-812-2248006,Nestor,Padberg